[{"annotations":{"description":"No reflections ingested in 15m. Check ingest cron and logs/decision_enriched.jsonl.","summary":"Halu reflection silent (15m)"},"endsAt":"2025-10-17T18:41:56.882Z","fingerprint":"33b0e196c0a3e717","receivers":[{"name":"slack"}],"startsAt":"2025-10-17T18:27:56.882Z","status":{"inhibitedBy":[],"silencedBy":[],"state":"active"},"updatedAt":"2025-10-18T03:37:56.884+09:00","generatorURL":"http://round-table:9090/graph?g0.expr=daegis_halu_reflection_5m+%3D%3D+0\u0026g0.tab=1","labels":{"alertname":"HaluReflectionSilent","instance":"localhost:9091","job":"halu-local","severity":"warning"}},{"annotations":{"description":"1h reflections below expected floor.","summary":"Low reflection volume"},"endsAt":"2025-10-17T18:40:32.459Z","fingerprint":"35712ad242216620","receivers":[{"name":"slack"}],"startsAt":"2025-10-17T18:28:32.459Z","status":{"inhibitedBy":["33b0e196c0a3e717"],"silencedBy":[],"state":"suppressed"},"updatedAt":"2025-10-18T03:36:32.466+09:00","generatorURL":"http://round-table:9090/graph?g0.expr=daegis_halu_reflection_1h+%3C+1000\u0026g0.tab=1","labels":{"alertname":"HaluReflectionLowVolume","instance":"localhost:9091","job":"halu-local","severity":"warning"}}]
