{"cluster":{"peers":[],"status":"disabled"},"config":{"original":"global:\n  resolve_timeout: 5m\n  http_config:\n    follow_redirects: true\n    enable_http2: true\n  smtp_hello: localhost\n  smtp_require_tls: true\n  pagerduty_url: https://events.pagerduty.com/v2/enqueue\n  opsgenie_api_url: https://api.opsgenie.com/\n  wechat_api_url: https://qyapi.weixin.qq.com/cgi-bin/\n  victorops_api_url: https://alert.victorops.com/integrations/generic/20131114/alert/\n  telegram_api_url: https://api.telegram.org\n  webex_api_url: https://webexapis.com/v1/messages\nroute:\n  receiver: slack\n  continue: false\ninhibit_rules:\n- source_matchers:\n  - alertname=\"HaluReflectionSilent\"\n  target_matchers:\n  - alertname=\"HaluReflectionLowVolume\"\n  equal:\n  - instance\n  - job\nreceivers:\n- name: slack\n  slack_configs:\n  - send_resolved: true\n    http_config:\n      follow_redirects: true\n      enable_http2: true\n    api_url: <secret>\n    channel: '#monitoring'\n    username: '{{ template \"slack.default.username\" . }}'\n    color: '{{ if eq .Status \"firing\" }}danger{{ else }}good{{ end }}'\n    title: ⚠️ {{ .CommonLabels.alertname }} on {{ .CommonLabels.instance }}\n    title_link: '{{ template \"slack.default.titlelink\" . }}'\n    pretext: '{{ template \"slack.default.pretext\" . }}'\n    text: |\n      *Severity:* {{ .CommonLabels.severity }}\n      *Summary:* {{ .CommonAnnotations.summary }}\n      *Description:* {{ .CommonAnnotations.description }}\n    short_fields: false\n    footer: '{{ template \"slack.default.footer\" . }}'\n    fallback: '{{ template \"slack.default.fallback\" . }}'\n    callback_id: '{{ template \"slack.default.callbackid\" . }}'\n    icon_emoji: '{{ template \"slack.default.iconemoji\" . }}'\n    icon_url: '{{ template \"slack.default.iconurl\" . }}'\n    link_names: false\ntemplates: []\n"},"uptime":"2025-10-18T02:51:40.583+09:00","versionInfo":{"branch":"debian/sid","buildDate":"20230409-09:53:03","buildUser":"team+pkg-go@tracker.debian.org","goVersion":"go1.19.8","revision":"0.25.0-1+b4","version":"0.25.0"}}
