{"status":"success","data":{"alerts":[{"labels":{"alertname":"HaluReflectionSilent","instance":"localhost:9091","job":"halu-local","severity":"warning"},"annotations":{"description":"No reflections ingested in 15m. Check ingest cron and logs/decision_enriched.jsonl.","summary":"Halu reflection silent (15m)"},"state":"firing","activeAt":"2025-10-17T18:12:56.882815369Z","value":"0e+00"},{"labels":{"alertname":"HaluReflectionLowVolume","instance":"localhost:9091","job":"halu-local","severity":"warning"},"annotations":{"description":"1h reflections below expected floor.","summary":"Low reflection volume"},"state":"firing","activeAt":"2025-10-17T18:13:32.459847701Z","value":"0e+00"}]}}