{"status":"success","data":{"activeTargets":[{"discoveredLabels":{"__address__":"localhost:9091","__metrics_path__":"/metrics","__scheme__":"http","__scrape_interval__":"15s","__scrape_timeout__":"10s","job":"halu-local"},"labels":{"instance":"localhost:9091","job":"halu-local"},"scrapePool":"halu-local","scrapeUrl":"http://localhost:9091/metrics","globalUrl":"http://round-table:9091/metrics","lastError":"","lastScrape":"2025-10-18T03:38:03.916469276+09:00","lastScrapeDuration":0.007922118,"health":"up","scrapeInterval":"15s","scrapeTimeout":"10s"},{"discoveredLabels":{"__address__":"localhost:9100","__metrics_path__":"/metrics","__scheme__":"http","__scrape_interval__":"15s","__scrape_timeout__":"10s","job":"node"},"labels":{"instance":"localhost:9100","job":"node"},"scrapePool":"node","scrapeUrl":"http://localhost:9100/metrics","globalUrl":"http://round-table:9100/metrics","lastError":"","lastScrape":"2025-10-18T03:38:10.950681088+09:00","lastScrapeDuration":0.199050925,"health":"up","scrapeInterval":"15s","scrapeTimeout":"10s"}],"droppedTargets":[]}}