{"status":"success","data":{"groups":[{"name":"halu_intent","file":"/etc/prometheus/halu_alerts/halu.intent.rules.yml","rules":[{"state":"inactive","name":"HaluIntentSilent","query":"increase(daegis_halu_intent_exec_total[2h]) == 0","duration":600,"keepFiringFor":0,"labels":{"severity":"warning"},"annotations":{"description":"No intent.execute.dry for 2h. Check quorum flags and cron at :08/:09.","summary":"Halu intent dry-exec silent (2h)"},"alerts":[],"health":"ok","evaluationTime":0.000374147,"lastEvaluation":"2025-10-18T03:37:20.06974648+09:00","type":"alerting"},{"state":"inactive","name":"HaluIntentBurst","query":"increase(daegis_halu_intent_exec_total[10m]) \u003e 5","duration":300,"keepFiringFor":0,"labels":{"severity":"warning"},"annotations":{"description":"Possible loop. Gate with quorum and inspect ledger.","summary":"Halu intent dry-exec burst (\u003e5/10m)"},"alerts":[],"health":"ok","evaluationTime":0.000125444,"lastEvaluation":"2025-10-18T03:37:20.070124219+09:00","type":"alerting"}],"interval":60,"limit":0,"evaluationTime":0.000517035,"lastEvaluation":"2025-10-18T03:37:20.069735758+09:00"},{"name":"halu_reflection","file":"/etc/prometheus/halu_alerts/halu.reflection.rules.yml","rules":[{"state":"firing","name":"HaluReflectionSilent","query":"daegis_halu_reflection_5m == 0","duration":900,"keepFiringFor":0,"labels":{"severity":"warning"},"annotations":{"description":"No reflections ingested in 15m. Check ingest cron and logs/decision_enriched.jsonl.","summary":"Halu reflection silent (15m)"},"alerts":[{"labels":{"alertname":"HaluReflectionSilent","instance":"localhost:9091","job":"halu-local","severity":"warning"},"annotations":{"description":"No reflections ingested in 15m. Check ingest cron and logs/decision_enriched.jsonl.","summary":"Halu reflection silent (15m)"},"state":"firing","activeAt":"2025-10-17T18:12:56.882815369Z","value":"0e+00"}],"health":"ok","evaluationTime":0.000720534,"lastEvaluation":"2025-10-18T03:37:56.883332167+09:00","type":"alerting"},{"state":"inactive","name":"HaluReflectionBurst","query":"daegis_halu_reflection_5m \u003e 5000","duration":300,"keepFiringFor":0,"labels":{"severity":"warning"},"annotations":{"description":"Possible bad timestamp ingestion or loop. Consider compaction \u0026 source log sanity.","summary":"Halu reflection burst (\u003e5k/5m)"},"alerts":[],"health":"ok","evaluationTime":0.00019887,"lastEvaluation":"2025-10-18T03:37:56.884059442+09:00","type":"alerting"}],"interval":60,"limit":0,"evaluationTime":0.000942774,"lastEvaluation":"2025-10-18T03:37:56.883320778+09:00"},{"name":"halu_self","file":"/etc/prometheus/halu_alerts/halu.self.rules.yml","rules":[{"state":"inactive","name":"PromTargetDown","query":"up == 0","duration":120,"keepFiringFor":0,"labels":{"severity":"warning"},"annotations":{"summary":"Some scrape targets are down"},"alerts":[],"health":"ok","evaluationTime":0.000690572,"lastEvaluation":"2025-10-18T03:37:43.728598726+09:00","type":"alerting"},{"state":"inactive","name":"NodeTextfileError","query":"node_textfile_scrape_error \u003e 0","duration":120,"keepFiringFor":0,"labels":{"severity":"warning"},"annotations":{"summary":"node_exporter textfile scrape has errors"},"alerts":[],"health":"ok","evaluationTime":0.000148759,"lastEvaluation":"2025-10-18T03:37:43.72929276+09:00","type":"alerting"},{"state":"inactive","name":"PromRuleEvalStalled","query":"time() - timestamp(prometheus_rule_group_last_evaluation_timestamp_seconds) \u003e 300","duration":300,"keepFiringFor":0,"labels":{"severity":"warning"},"annotations":{"summary":"Rule evaluation hasn’t run in \u003e5m"},"alerts":[],"health":"ok","evaluationTime":0.0001345,"lastEvaluation":"2025-10-18T03:37:43.729444593+09:00","type":"alerting"}],"interval":60,"limit":0,"evaluationTime":0.000992904,"lastEvaluation":"2025-10-18T03:37:43.728589615+09:00"},{"name":"halu_slo","file":"/etc/prometheus/halu_alerts/halu.slo.rules.yml","rules":[{"state":"firing","name":"HaluReflectionLowVolume","query":"daegis_halu_reflection_1h \u003c 1000","duration":900,"keepFiringFor":0,"labels":{"severity":"warning"},"annotations":{"description":"1h reflections below expected floor.","summary":"Low reflection volume"},"alerts":[{"labels":{"alertname":"HaluReflectionLowVolume","instance":"localhost:9091","job":"halu-local","severity":"warning"},"annotations":{"description":"1h reflections below expected floor.","summary":"Low reflection volume"},"state":"firing","activeAt":"2025-10-17T18:13:32.459847701Z","value":"0e+00"}],"health":"ok","evaluationTime":0.000473998,"lastEvaluation":"2025-10-18T03:37:32.465532825+09:00","type":"alerting"}],"interval":60,"limit":0,"evaluationTime":0.00048985,"lastEvaluation":"2025-10-18T03:37:32.465524047+09:00"}]}}